BEGIN TRANSACTION;
CREATE TABLE IF NOT EXISTS `WeaponArchetype` (
	`ID`	INTEGER NOT NULL PRIMARY KEY AUTOINCREMENT,
	`name`	TEXT,
	`damage`	TEXT,
	`range`	TEXT,
	`cost`	TEXT,
	`magazine`	TEXT,
	`encumbrance`	TEXT,
	`attribute`	TEXT,
	`techlevel`	INTEGER NOT NULL
);
INSERT INTO `WeaponArchetype` (ID,name,damage,range,cost,magazine,encumbrance,attribute,techlevel) VALUES (1,'Primitive Bow','1d6','50/75','15','1','2','Dexterity',1),
 (2,'Advanced Bow','1d6','100/150','50','1','2','Dexterity',3),
 (3,'Conversion Bow','1d8','150/300','500','1','2','Dexterity',4),
 (4,'Grenade','2d6','10/30','25','0','1','Dexterity',3),
 (5,'Crude Pistol','1d6','5/15','20','1','1','Dexterity',2),
 (6,'Musket','1d12','25/50','30','1','2','Dexterity',2),
 (7,'Revolver','1d8','30/100','50','6','1','Dexterity',2),
 (8,'Rifle','1d10+2','200/400','75','6','2','Dexterity',2),
 (9,'Shotgun','3d4','10/30','50','2','2','Dexterity',2),
 (10,'Semi-Auto Pistol','1d6+1','30/100','75','12','1','Dexterity',3),
 (11,'Submachine Gun','1d8','30/100','200','20','1','Dexterity',3),
 (12,'Combat Rifle','1d12','100/300','300','30','2','Dexterity',3),
 (13,'Combat Shotgun','3d4','10/30','300','12','2','Dexterity',3),
 (14,'Sniper Rifle','2d8','1,000/2,000','400','1','2','Dexterity',3),
 (15,'Void Carbine','2d6','100/300','400','10','2','Dexterity',4),
 (16,'Mag Pistol','2d6+2','100/300','400','6','1','Dexterity',4),
 (17,'Mag Rifle','2d8+2','300/600','500','10','2','Dexterity',4),
 (18,'Spike Thrower','3d8','20/40','600','15','2','Dexterity',4),
 (19,'Laser Pistol','1d6','100/300','200','10','1','Dexterity',4),
 (20,'Laser Rifle','1d10','300/500','300','20','2','Dexterity',4),
 (21,'Thermal Pistol','2d6','25/50','300','5','1','Dexterity',4),
 (22,'Plasma Projector','2d8','50/100','400','6','2','Dexterity',4),
 (23,'Shear Rifle','2d8','100/300','600','10','2','Dexterity',5),
 (24,'Thunder Gun','2d10','100/300','1,000','6','2','Dexterity',5),
 (25,'Distortion Cannon','2d12','100/300','1,250','6','2','Dexterity',5),
 (26,'Heavy Machine Gun','3d6','500/2,000','5,000','10','3',NULL,3),
 (27,'Rocket Launcher','3d10','2,000/4,000','4,000','1','2',NULL,3),
 (28,'Demo Charge','3d10','20/40','250','None','1',NULL,3),
 (29,'Railgun','3d8','4,000/8,000','8,000','20','10000',NULL,4),
 (30,'Anti-Vehicle Laser','3d10','2,000/4,000','10,000','15','10000',NULL,4),
 (31,'Hydra Array','3d6','4,000/8,000','20,000','10','10000',NULL,4),
 (32,'Wheatcutter Belt','2d12','10/20','10,000','5','10000',NULL,4),
 (33,'Vortex Cannon','5d12','1,000/2,000','75,000','5','10000',NULL,5);
CREATE TABLE IF NOT EXISTS `SkillsArchetype` (
	`ID`	INTEGER NOT NULL PRIMARY KEY AUTOINCREMENT,
	`name`	TEXT,
	`level`	INTEGER NOT NULL,
	`specialist`	INTEGER NOT NULL
);
INSERT INTO `SkillsArchetype` (ID,name,level,specialist) VALUES (1,'Administer',0,0),
 (2,'Connect',0,0),
 (3,'Exert',0,0),
 (4,'Fix',0,0),
 (5,'Heal',0,0),
 (6,'Know',0,0),
 (7,'Lead',0,0),
 (8,'Notice',0,0),
 (9,'Perform',0,0),
 (10,'Pilot',0,0),
 (11,'Program',0,0),
 (12,'Punch',0,0),
 (13,'Shoot',0,0),
 (14,'Sneak',0,0),
 (15,'Survive',0,0),
 (16,'Talk',0,0),
 (17,'Trade',0,0),
 (18,'Work',0,0);
CREATE TABLE IF NOT EXISTS `PsionicSkillArchetypes` (
	`ID`	INTEGER NOT NULL PRIMARY KEY AUTOINCREMENT,
	`name`	TEXT,
	`Description`	TEXT,
	`level`	INTEGER NOT NULL,
	`PsionicSchoolID`	INTEGER NOT NULL,
	CONSTRAINT `FK_PsionicSkillArchetypes_PsionicSchools_PsionicSchoolID` FOREIGN KEY(`PsionicSchoolID`) REFERENCES `PsionicSchools`(`ID`) ON DELETE CASCADE
);
INSERT INTO `PsionicSkillArchetypes` (ID,name,Description,level,PsionicSchoolID) VALUES (71,'Psychic Succor','',0,1),
 (72,'Mastered Succor','',1,1),
 (73,'Organic Purification Protocols','',1,1),
 (74,'Remote Repair','',1,1),
 (75,'Invincible Stand','',2,1),
 (76,'Major Organ Restoration','',2,1),
 (77,'Tissue Integrity Field','',2,1),
 (78,'Accelerated Succor','',3,1),
 (79,'Metamorph','',3,1),
 (80,'Teratic Overload','',3,1),
 (81,'Holistic Optimizartion Patterning','',4,1),
 (82,'Quintessential Reconstruction','',4,1),
 (83,'Psychic Refinement','',0,2),
 (84,'Cloak Powers','',1,2),
 (85,'Mindtracing','',1,2),
 (86,'Synthetic Adaptation','',1,2),
 (87,'Neural Trap','',2,2),
 (88,'Psychic Static','',2,2),
 (89,'Suspended Manifestation','',2,2),
 (90,'Concert of Minds','',3,2),
 (91,'Metadimensional Friction','',3,2),
 (92,'Psychic Tutelage','',3,2),
 (93,'Surge Momentum','',3,2),
 (94,'Flawless Mastery','',4,2),
 (95,'Impervious Pavis of Will','',4,2),
 (96,'Oracle','',0,3),
 (97,'Intuitive Response','',1,3),
 (98,'Sense the Need','',1,3),
 (99,'Terminal Reflection','',1,3),
 (100,'Alternate Outcome','',2,3),
 (101,'Destiny''s Shield','',2,3),
 (102,'Anguished Vision','',3,3),
 (103,'Cursed Luck','',3,3),
 (104,'Forced Outcome','',3,3),
 (105,'Not My Time','',4,3),
 (106,'Prophecy','',4,3),
 (107,'Telekinetic Manipulation','',0,4),
 (108,'Kinetic Transversal','',1,4),
 (109,'Pressure Field','',1,4),
 (110,'Telekinetic Armory','',1,4),
 (111,'Impact Sump','',2,4),
 (112,'Slip Field','',2,4),
 (113,'Telekinetic Expertise','',2,4),
 (114,'Thermokinesis','',2,4),
 (115,'Tangible Force Construct','',3,4),
 (116,'Telekinetic Ram','',3,4),
 (117,'Reactive Telekinesis','',3,4),
 (118,'Force Puppetry','',4,4),
 (119,'Telekinetic Flight','',4,4),
 (120,'Telepathic Contact','',0,5),
 (121,'Facile Mind','',1,5),
 (122,'Transmit Thought','',1,5),
 (123,'Far Thought','',2,5),
 (124,'Suppress Cognition','',2,5),
 (125,'Reflex Response','',3,5),
 (126,'Telepathic Assault','',3,5),
 (127,'Memory Editing','',4,5),
 (128,'Unity of Thought','',4,5),
 (129,'Personal Apportation','',0,6),
 (130,'Proficient Apportation','',1,6),
 (131,'Spatial Awareness','',1,6),
 (132,'Burdened Apportation','',2,6),
 (133,'Perceptive Dislocation','',2,6),
 (134,'Spatial Synchrony Mandala','',2,6),
 (135,'Effortless Apportation','',3,6),
 (136,'Stutterjump','',3,6),
 (137,'Rift Reduplication','',3,6),
 (138,'Deep Intrusion','',4,6),
 (139,'Offensive Apportation','',4,6);
CREATE TABLE IF NOT EXISTS `PsionicSchools` (
	`ID`	INTEGER NOT NULL PRIMARY KEY AUTOINCREMENT,
	`name`	TEXT
);
INSERT INTO `PsionicSchools` (ID,name) VALUES (1,'Biopsionics'),
 (2,'Metapsionics'),
 (3,'Precognition'),
 (4,'Telekinesis'),
 (5,'Telepathy'),
 (6,'Teleporation');
CREATE TABLE IF NOT EXISTS `MeleeArchetype` (
	`ID`	INTEGER NOT NULL PRIMARY KEY AUTOINCREMENT,
	`name`	TEXT,
	`damage`	TEXT,
	`shockdamage`	TEXT,
	`attribute`	TEXT,
	`cost`	INTEGER NOT NULL,
	`encumbrance`	INTEGER NOT NULL,
	`techlevel`	INTEGER NOT NULL
);
INSERT INTO `MeleeArchetype` (ID,name,damage,shockdamage,attribute,cost,encumbrance,techlevel) VALUES (1,'Small primitive weapon','1d4','1 point/AC 15','Str/Dex',0,1,0),
 (2,'Medium primitive weapon','1d6+1','2 points/AC 13','Str/Dex',20,1,0),
 (3,'Large primitive weapon','1d8+1','2 points/AC 15','Str',30,2,0),
 (4,'Small advanced weapon','1d6','1 point/AC 15','Str/Dex',40,1,4),
 (5,'Medium advanced weapon','1d8+1','2 points/AC 13','Str/Dex',60,1,4),
 (6,'Large advanced weapon','1d10+1','2 points/AC 15','Str',80,2,4),
 (7,'Stun baton','1d8','1 point/AC 15','Str/Dex',50,1,4),
 (8,'Suit ripper','1d6','None','Str/Dex',75,1,0),
 (9,'Unarmed attack','1d2','None','Str/Dex',0,0,0);
CREATE TABLE IF NOT EXISTS `GenderArchetype` (
	`ID`	INTEGER NOT NULL PRIMARY KEY AUTOINCREMENT,
	`name`	TEXT
);
INSERT INTO `GenderArchetype` (ID,name) VALUES (1,'Male'),
 (2,'Female'),
 (3,'Other');
CREATE TABLE IF NOT EXISTS `FociArchetype` (
	`ID`	INTEGER NOT NULL PRIMARY KEY AUTOINCREMENT,
	`name`	TEXT,
	`level`	INTEGER NOT NULL
);
INSERT INTO `FociArchetype` (ID,name,level) VALUES (1,'Alert',-1),
 (2,'Armsman',-1),
 (3,'Assassin',-1),
 (4,'Authority',-1),
 (5,'Close Combatant',-1),
 (6,'Connected',-1),
 (7,'Die Hard',-1),
 (8,'Diplomat',-1),
 (9,'Gunslinger',-1),
 (10,'Hacker',-1),
 (11,'Healer',-1),
 (12,'Henchkeeper',-1),
 (13,'Ironhide',-1),
 (14,'Psychic Training',-1),
 (15,'Savage Fray',-1),
 (16,'Shocking Assault',-1),
 (17,'Sniper',-1),
 (18,'Specialist',-1),
 (19,'Star Captain',-1),
 (20,'Starfarer',-1),
 (21,'Tinker',-1),
 (22,'Unarmed Combatant',-1),
 (23,'Unique Gift',-1),
 (24,'Wanderer',-1),
 (25,'Wild Psychic Talent',-1);
CREATE TABLE IF NOT EXISTS `EquipmentArchetype` (
	`ID`	INTEGER NOT NULL PRIMARY KEY AUTOINCREMENT,
	`name`	TEXT,
	`cost`	TEXT,
	`encumbrance`	TEXT,
	`techlevel`	TEXT
);
INSERT INTO `EquipmentArchetype` (ID,name,cost,encumbrance,techlevel) VALUES (1,'Atmofilter','100','1','4'),
 (2,'Backpack','50','1','0'),
 (3,'Backpack','50','0','4'),
 (4,'Binoculars','20','1','3'),
 (5,'Binoculars','200','1','4'),
 (6,'Climbing harness','50','1','3'),
 (7,'Glowbug','5','0','3'),
 (8,'Grapnel launcher','200','1','3'),
 (9,'Grav chute','300','1','4'),
 (10,'Grav chute','1,000','1','5'),
 (11,'Grav harness','5000','3','5'),
 (12,'Instapanel','50','1','4'),
 (13,'Low-light goggles','200','1','3'),
 (14,'Navcomp','500','1','4'),
 (15,'Portabox','50','1','4'),
 (16,'Pressure tent','100','4','3'),
 (17,'Rations, 1 day','5','1','1'),
 (18,'Rope, 20 meters','4','2','0'),
 (19,'Rope, 20 meters','40','1','4'),
 (20,'Scout report','200','0','4'),
 (21,'Survey scanner','250','1','4'),
 (22,'Survival kit','60','1','4'),
 (23,'Telescoping pole','10','0','4'),
 (24,'Thermal flare','5','0','3'),
 (25,'Trade goods','50','1','4'),
 (26,'Trade metals','10','1','4'),
 (27,'Vacc fresher','400','1','4'),
 (28,'Vacc skin','1000','1','5'),
 (29,'Vacc suit','100','2','4'),
 (30,'Bezoar','200','0','4'),
 (31,'Brainwave','1000','0','5'),
 (32,'Hush','200','0','4'),
 (33,'Lift','50','0','4'),
 (34,'Psych','25','0','4'),
 (35,'Pretech Cosmetic','1000','0','5'),
 (36,'Reverie','100','0','4'),
 (37,'Squeal','300','0','4'),
 (38,'Tsunami','50','0','4'),
 (39,'Bioscanner','300','1','4'),
 (40,'Lazarus patch','30','1','4'),
 (41,'Medkit','100','2','4'),
 (42,'Metatool','200','1','4'),
 (43,'Spare parts','50','1','4'),
 (44,'Tailored antiallergens','5','0','4'),
 (45,'Toolkit/Postech','300','3','4'),
 (46,'Ammo, 20 rounds','10','1','2'),
 (47,'Ammo, missile','50','1','3'),
 (48,'Power cell, type A','10','1','4'),
 (49,'Power cell, type B','100','1','4'),
 (50,'Solar recharger','500','3','4'),
 (51,'Telekinetic generator','250','2','4'),
 (52,'Comm server','1000','3','4'),
 (53,'Compad','100','0','4'),
 (54,'Field radio','200','1','4'),
 (55,'Translator torc','200','0','4'),
 (56,'Black slab','10000','1','4'),
 (57,'Data phase tap','5000','1','4'),
 (58,'Data protocol','1000','0','4'),
 (59,'Dataslab','300','1','4'),
 (60,'Line shunt','100','0','4'),
 (61,'Remote link unit','250','1','4'),
 (62,'Stiletto charge',NULL,'1','5'),
 (63,'Storage unit','500','3','4'),
 (64,'Tightbeam link unit','1000','1','4');
CREATE TABLE IF NOT EXISTS `CharacterClassArchetype` (
	`ID`	INTEGER NOT NULL PRIMARY KEY AUTOINCREMENT,
	`name`	TEXT
);
INSERT INTO `CharacterClassArchetype` (ID,name) VALUES (1,'Expert'),
 (2,'Warrior'),
 (3,'Psychic'),
 (4,'Adventurer');
CREATE TABLE IF NOT EXISTS `BackgroundArchetype` (
	`ID`	INTEGER NOT NULL PRIMARY KEY AUTOINCREMENT,
	`name`	TEXT
);
INSERT INTO `BackgroundArchetype` (ID,name) VALUES (1,'Barbarian'),
 (2,'Clergy'),
 (3,'Courtesan'),
 (4,'Criminal'),
 (5,'Dilettante'),
 (6,'Entertainer'),
 (7,'Merchant'),
 (8,'Noble'),
 (9,'Official'),
 (10,'Peasant'),
 (11,'Physician'),
 (12,'Pilot'),
 (13,'Politician'),
 (14,'Scholar'),
 (15,'Soldier'),
 (16,'Spacer'),
 (17,'Technician'),
 (18,'Thug'),
 (19,'Vagabond'),
 (20,'Worker');
CREATE TABLE IF NOT EXISTS `ArmorArchetype` (
	`ID`	INTEGER NOT NULL PRIMARY KEY AUTOINCREMENT,
	`name`	TEXT,
	`ac`	INTEGER NOT NULL,
	`cost`	INTEGER NOT NULL,
	`encumbrance`	INTEGER NOT NULL,
	`techlevel`	INTEGER NOT NULL
);
INSERT INTO `ArmorArchetype` (ID,name,ac,cost,encumbrance,techlevel) VALUES (1,'Shield',13,10,2,0),
 (2,'Leather jacks, thick hides, quilted armor',13,15,1,0),
 (3,'Cuirass, brigandine, linothorax, half-plate',15,50,1,1),
 (4,'Full plate, layered mail',17,100,2,1),
 (5,'Warpaint',12,300,0,4),
 (6,'Armored Undersuit',13,600,0,4),
 (7,'Secure Clothing',13,300,1,4),
 (8,'Armored Vacc Suit',13,400,2,4),
 (9,'Deflector Array',18,30000,0,5),
 (10,'Force Pavis',15,10000,1,5),
 (11,'Security Armor',14,700,1,4),
 (12,'Woven Body Armor',15,400,2,3),
 (13,'Combat Field Uniform',16,1000,1,4),
 (14,'Icarus Harness',16,8000,1,4),
 (15,'Vestimentum',18,15000,0,5),
 (16,'Assault Suit',18,10000,2,4),
 (17,'Storm Armor',19,20000,2,5),
 (18,'Field Emitter Panoply',20,40000,1,5);
CREATE INDEX IF NOT EXISTS `IX_PsionicSkillArchetypes_PsionicSchoolID` ON `PsionicSkillArchetypes` (
	`PsionicSchoolID`
);
COMMIT;
